Qnd1TjBDVXppR3hudzFpN1IwY21SWkRnMjlKUnJJbXArdUpsdURhR2dDWT0=,L1dSNWhHY08yUWo1dFpKNXVJMTE1MmorR3NEckVOZWM1Q1ZBVjN0M1haQT0=,Qnd1TjBDVXppR3hudzFpN1IwY21SWkRnMjlKUnJJbXArdUpsdURhR2dDWT0=,aVNTWkJWbDlzNHN5UnlYSUc4TWo0ZGhIUGxqUEE4dERZc1R3eTVRbWRyZz0=,UktJSTM0U0k3OGFoMkoveHVNalRQRnY0ajVGY2JIZUtrUzFSN0szVnJQOD0=,YWREWmwrWEVpVlpFNG12ejJoQ2JIZXlyYVU1dFZ5TmlhNE96OWJ5T2xmUT0=,LzErY1d2cVVaSS9zODJ2ZmNFd1ZhVHJrWm9KeUpCSFRrTWUrdlNaMzNrcz0=
aTN3eTJScW8zYTFnbEFsRDlsZ0NENUxDbUpUbzFRWUVFL09LU3VIa2k0Yz0=,SndhMHdsdWpxaU4wT3c3N2Q3WDQ4QmV4bFlOQU1WRU9TVHE5Z2NiaVpsQT0=,aTN3eTJScW8zYTFnbEFsRDlsZ0NENUxDbUpUbzFRWUVFL09LU3VIa2k0Yz0=,aVNTWkJWbDlzNHN5UnlYSUc4TWo0ZGhIUGxqUEE4dERZc1R3eTVRbWRyZz0=,UktJSTM0U0k3OGFoMkoveHVNalRQRnY0ajVGY2JIZUtrUzFSN0szVnJQOD0=,YWREWmwrWEVpVlpFNG12ejJoQ2JIZXlyYVU1dFZ5TmlhNE96OWJ5T2xmUT0=,LzErY1d2cVVaSS9zODJ2ZmNFd1ZhVHJrWm9KeUpCSFRrTWUrdlNaMzNrcz0=
a3g4RFBjOU1wOC92NmkvSDFtN3Rab09QWkhZalJxV3NKbktXOE1SU3JGMD0=,L1dSNWhHY08yUWo1dFpKNXVJMTE1MmorR3NEckVOZWM1Q1ZBVjN0M1haQT0=,a3g4RFBjOU1wOC92NmkvSDFtN3Rab09QWkhZalJxV3NKbktXOE1SU3JGMD0=,aVNTWkJWbDlzNHN5UnlYSUc4TWo0ZGhIUGxqUEE4dERZc1R3eTVRbWRyZz0=,UktJSTM0U0k3OGFoMkoveHVNalRQRnY0ajVGY2JIZUtrUzFSN0szVnJQOD0=,YWREWmwrWEVpVlpFNG12ejJoQ2JIZXlyYVU1dFZ5TmlhNE96OWJ5T2xmUT0=,LzErY1d2cVVaSS9zODJ2ZmNFd1ZhVHJrWm9KeUpCSFRrTWUrdlNaMzNrcz0=
cjMrTm5vTCt6MlZIRlhmdldCWXA3NjNBV1pkMkllZk5VSkNyY05ialAwND0=,SndhMHdsdWpxaU4wT3c3N2Q3WDQ4QmV4bFlOQU1WRU9TVHE5Z2NiaVpsQT0=,cjMrTm5vTCt6MlZIRlhmdldCWXA3NjNBV1pkMkllZk5VSkNyY05ialAwND0=,aVNTWkJWbDlzNHN5UnlYSUc4TWo0ZGhIUGxqUEE4dERZc1R3eTVRbWRyZz0=,UktJSTM0U0k3OGFoMkoveHVNalRQRnY0ajVGY2JIZUtrUzFSN0szVnJQOD0=,YWREWmwrWEVpVlpFNG12ejJoQ2JIZXlyYVU1dFZ5TmlhNE96OWJ5T2xmUT0=,LzErY1d2cVVaSS9zODJ2ZmNFd1ZhVHJrWm9KeUpCSFRrTWUrdlNaMzNrcz0=
S1N0anNwUjI3L3E1N2NoSjJlWFhrbGJtYU05Umt0d1lKbFQ5NG5EVFJOYz0=,bjJKREJRTy90MTlxaUQ5RTNUTEtweXRsZ2ZGdmdTYXIzNmVSUGRtUXhkRT0=,S1N0anNwUjI3L3E1N2NoSjJlWFhrbGJtYU05Umt0d1lKbFQ5NG5EVFJOYz0=,aVNTWkJWbDlzNHN5UnlYSUc4TWo0ZGhIUGxqUEE4dERZc1R3eTVRbWRyZz0=,UktJSTM0U0k3OGFoMkoveHVNalRQRnY0ajVGY2JIZUtrUzFSN0szVnJQOD0=,YWREWmwrWEVpVlpFNG12ejJoQ2JIZXlyYVU1dFZ5TmlhNE96OWJ5T2xmUT0=,LzErY1d2cVVaSS9zODJ2ZmNFd1ZhVHJrWm9KeUpCSFRrTWUrdlNaMzNrcz0=
TFJxU3pXQ3JKQlVoTm9SWFZWbG5yeFhaSGp5SGFYQTVQMjg1Wnd4U2xycz0=,L1dSNWhHY08yUWo1dFpKNXVJMTE1MmorR3NEckVOZWM1Q1ZBVjN0M1haQT0=,TFJxU3pXQ3JKQlVoTm9SWFZWbG5yeFhaSGp5SGFYQTVQMjg1Wnd4U2xycz0=,aVNTWkJWbDlzNHN5UnlYSUc4TWo0ZGhIUGxqUEE4dERZc1R3eTVRbWRyZz0=,UktJSTM0U0k3OGFoMkoveHVNalRQRnY0ajVGY2JIZUtrUzFSN0szVnJQOD0=,YWREWmwrWEVpVlpFNG12ejJoQ2JIZXlyYVU1dFZ5TmlhNE96OWJ5T2xmUT0=,LzErY1d2cVVaSS9zODJ2ZmNFd1ZhVHJrWm9KeUpCSFRrTWUrdlNaMzNrcz0=
NUNraC8zUWNDQ1JQVXpkeE1Pam1nOWxMNzVQcjJvL1J6c21Yc2ZibEN2OD0=,bjJKREJRTy90MTlxaUQ5RTNUTEtweXRsZ2ZGdmdTYXIzNmVSUGRtUXhkRT0=,NUNraC8zUWNDQ1JQVXpkeE1Pam1nOWxMNzVQcjJvL1J6c21Yc2ZibEN2OD0=,aVNTWkJWbDlzNHN5UnlYSUc4TWo0ZGhIUGxqUEE4dERZc1R3eTVRbWRyZz0=,UktJSTM0U0k3OGFoMkoveHVNalRQRnY0ajVGY2JIZUtrUzFSN0szVnJQOD0=,YWREWmwrWEVpVlpFNG12ejJoQ2JIZXlyYVU1dFZ5TmlhNE96OWJ5T2xmUT0=,LzErY1d2cVVaSS9zODJ2ZmNFd1ZhVHJrWm9KeUpCSFRrTWUrdlNaMzNrcz0=
UjZTdTE1b2RueDJ0TDlIQ0ROeDh1Rk9jTkNNUzIxcnZEQVJtRGdzYU02TT0=,L1dSNWhHY08yUWo1dFpKNXVJMTE1MmorR3NEckVOZWM1Q1ZBVjN0M1haQT0=,UjZTdTE1b2RueDJ0TDlIQ0ROeDh1Rk9jTkNNUzIxcnZEQVJtRGdzYU02TT0=,aVNTWkJWbDlzNHN5UnlYSUc4TWo0ZGhIUGxqUEE4dERZc1R3eTVRbWRyZz0=,UktJSTM0U0k3OGFoMkoveHVNalRQRnY0ajVGY2JIZUtrUzFSN0szVnJQOD0=,YWREWmwrWEVpVlpFNG12ejJoQ2JIZXlyYVU1dFZ5TmlhNE96OWJ5T2xmUT0=,LzErY1d2cVVaSS9zODJ2ZmNFd1ZhVHJrWm9KeUpCSFRrTWUrdlNaMzNrcz0=
eHZKc29ZUnBrZkd5eHpSdkJmekRBakwyTFRqWFNpL3JlZkJidExkZlFJbz0=,Q1JkTDhZeUdCQVdYZjFqVG9TOXNXSlUydVdmNEQ0OVZreS9PaHhaVzRvcz0=,eHZKc29ZUnBrZkd5eHpSdkJmekRBakwyTFRqWFNpL3JlZkJidExkZlFJbz0=,aVNTWkJWbDlzNHN5UnlYSUc4TWo0ZGhIUGxqUEE4dERZc1R3eTVRbWRyZz0=,UktJSTM0U0k3OGFoMkoveHVNalRQRnY0ajVGY2JIZUtrUzFSN0szVnJQOD0=,YWREWmwrWEVpVlpFNG12ejJoQ2JIZXlyYVU1dFZ5TmlhNE96OWJ5T2xmUT0=,LzErY1d2cVVaSS9zODJ2ZmNFd1ZhVHJrWm9KeUpCSFRrTWUrdlNaMzNrcz0=
d2tVQjRQQnRPS24wd1ltcUtmT1pSSTFHb2FWUG5VMVdrS3d0NUZVKzBHaz0=,SndhMHdsdWpxaU4wT3c3N2Q3WDQ4QmV4bFlOQU1WRU9TVHE5Z2NiaVpsQT0=,d2tVQjRQQnRPS24wd1ltcUtmT1pSSTFHb2FWUG5VMVdrS3d0NUZVKzBHaz0=,aVNTWkJWbDlzNHN5UnlYSUc4TWo0ZGhIUGxqUEE4dERZc1R3eTVRbWRyZz0=,UktJSTM0U0k3OGFoMkoveHVNalRQRnY0ajVGY2JIZUtrUzFSN0szVnJQOD0=,YWREWmwrWEVpVlpFNG12ejJoQ2JIZXlyYVU1dFZ5TmlhNE96OWJ5T2xmUT0=,LzErY1d2cVVaSS9zODJ2ZmNFd1ZhVHJrWm9KeUpCSFRrTWUrdlNaMzNrcz0=
eVE5N1BtcXE5cE9OWk5oSkFXeENvdE9OMDhGTGF1dVJCNyszNndlMjhwcz0=,L1dSNWhHY08yUWo1dFpKNXVJMTE1MmorR3NEckVOZWM1Q1ZBVjN0M1haQT0=,eVE5N1BtcXE5cE9OWk5oSkFXeENvdE9OMDhGTGF1dVJCNyszNndlMjhwcz0=,aVNTWkJWbDlzNHN5UnlYSUc4TWo0ZGhIUGxqUEE4dERZc1R3eTVRbWRyZz0=,UktJSTM0U0k3OGFoMkoveHVNalRQRnY0ajVGY2JIZUtrUzFSN0szVnJQOD0=,YWREWmwrWEVpVlpFNG12ejJoQ2JIZXlyYVU1dFZ5TmlhNE96OWJ5T2xmUT0=,LzErY1d2cVVaSS9zODJ2ZmNFd1ZhVHJrWm9KeUpCSFRrTWUrdlNaMzNrcz0=
QWJYazJkYkdORDRBaktCenJXNURiSXRKMmQ5NngwZUJLbmEyOWk3b3VyYz0=,bjJKREJRTy90MTlxaUQ5RTNUTEtweXRsZ2ZGdmdTYXIzNmVSUGRtUXhkRT0=,QWJYazJkYkdORDRBaktCenJXNURiSXRKMmQ5NngwZUJLbmEyOWk3b3VyYz0=,aVNTWkJWbDlzNHN5UnlYSUc4TWo0ZGhIUGxqUEE4dERZc1R3eTVRbWRyZz0=,UktJSTM0U0k3OGFoMkoveHVNalRQRnY0ajVGY2JIZUtrUzFSN0szVnJQOD0=,YWREWmwrWEVpVlpFNG12ejJoQ2JIZXlyYVU1dFZ5TmlhNE96OWJ5T2xmUT0=,LzErY1d2cVVaSS9zODJ2ZmNFd1ZhVHJrWm9KeUpCSFRrTWUrdlNaMzNrcz0=
YjZNT1JLSEt5SDFYa3k1T21abElDWjRTR0d5R1JqZ1EzWGZiU0pDaEZLdz0=,bjJKREJRTy90MTlxaUQ5RTNUTEtweXRsZ2ZGdmdTYXIzNmVSUGRtUXhkRT0=,YjZNT1JLSEt5SDFYa3k1T21abElDWjRTR0d5R1JqZ1EzWGZiU0pDaEZLdz0=,aVNTWkJWbDlzNHN5UnlYSUc4TWo0ZGhIUGxqUEE4dERZc1R3eTVRbWRyZz0=,UktJSTM0U0k3OGFoMkoveHVNalRQRnY0ajVGY2JIZUtrUzFSN0szVnJQOD0=,YWREWmwrWEVpVlpFNG12ejJoQ2JIZXlyYVU1dFZ5TmlhNE96OWJ5T2xmUT0=,LzErY1d2cVVaSS9zODJ2ZmNFd1ZhVHJrWm9KeUpCSFRrTWUrdlNaMzNrcz0=
YTgvbG5kQTB0UkRweGFlR0twbWl6M1Nwcy9mTVZqT2VaM1UzQ0pkVzgyQT0=,bjJKREJRTy90MTlxaUQ5RTNUTEtweXRsZ2ZGdmdTYXIzNmVSUGRtUXhkRT0=,YTgvbG5kQTB0UkRweGFlR0twbWl6M1Nwcy9mTVZqT2VaM1UzQ0pkVzgyQT0=,aVNTWkJWbDlzNHN5UnlYSUc4TWo0ZGhIUGxqUEE4dERZc1R3eTVRbWRyZz0=,UktJSTM0U0k3OGFoMkoveHVNalRQRnY0ajVGY2JIZUtrUzFSN0szVnJQOD0=,YWREWmwrWEVpVlpFNG12ejJoQ2JIZXlyYVU1dFZ5TmlhNE96OWJ5T2xmUT0=,LzErY1d2cVVaSS9zODJ2ZmNFd1ZhVHJrWm9KeUpCSFRrTWUrdlNaMzNrcz0=
VWVjT2toSXNtUUNqYlh2eTFFdmUzVWE4RVk5U3YvODdvdUgxdlZuc2l5Zz0=,L1dSNWhHY08yUWo1dFpKNXVJMTE1MmorR3NEckVOZWM1Q1ZBVjN0M1haQT0=,VWVjT2toSXNtUUNqYlh2eTFFdmUzVWE4RVk5U3YvODdvdUgxdlZuc2l5Zz0=,aVNTWkJWbDlzNHN5UnlYSUc4TWo0ZGhIUGxqUEE4dERZc1R3eTVRbWRyZz0=,UktJSTM0U0k3OGFoMkoveHVNalRQRnY0ajVGY2JIZUtrUzFSN0szVnJQOD0=,YWREWmwrWEVpVlpFNG12ejJoQ2JIZXlyYVU1dFZ5TmlhNE96OWJ5T2xmUT0=,LzErY1d2cVVaSS9zODJ2ZmNFd1ZhVHJrWm9KeUpCSFRrTWUrdlNaMzNrcz0=
ZWZPa2NSTVVPWnBBdG12R3FwVTloRVQ3TmhRQnZyMXlDVWN0UVZoYUhFUT0=,NXBSTW0vNjF4T1gzUnF3NzR4OFQ3Z3dVbWs0dlE4RndtNUxoTjFDcmxiRT0=,ZWZPa2NSTVVPWnBBdG12R3FwVTloRVQ3TmhRQnZyMXlDVWN0UVZoYUhFUT0=,aVNTWkJWbDlzNHN5UnlYSUc4TWo0ZGhIUGxqUEE4dERZc1R3eTVRbWRyZz0=,UktJSTM0U0k3OGFoMkoveHVNalRQRnY0ajVGY2JIZUtrUzFSN0szVnJQOD0=,YWREWmwrWEVpVlpFNG12ejJoQ2JIZXlyYVU1dFZ5TmlhNE96OWJ5T2xmUT0=,LzErY1d2cVVaSS9zODJ2ZmNFd1ZhVHJrWm9KeUpCSFRrTWUrdlNaMzNrcz0=
SXo3bXcwSHRyaDBSM25SdFFvL0lXc1UxU3k5WkVyNG9EVEpPTzg3alQycz0=,NXBSTW0vNjF4T1gzUnF3NzR4OFQ3Z3dVbWs0dlE4RndtNUxoTjFDcmxiRT0=,SXo3bXcwSHRyaDBSM25SdFFvL0lXc1UxU3k5WkVyNG9EVEpPTzg3alQycz0=,aVNTWkJWbDlzNHN5UnlYSUc4TWo0ZGhIUGxqUEE4dERZc1R3eTVRbWRyZz0=,UktJSTM0U0k3OGFoMkoveHVNalRQRnY0ajVGY2JIZUtrUzFSN0szVnJQOD0=,YWREWmwrWEVpVlpFNG12ejJoQ2JIZXlyYVU1dFZ5TmlhNE96OWJ5T2xmUT0=,LzErY1d2cVVaSS9zODJ2ZmNFd1ZhVHJrWm9KeUpCSFRrTWUrdlNaMzNrcz0=
dktmdXlmclM5a3YwNFpSbS9CZlhxcmxCUDVzTVNPWGhWbXQxTHU5OEJ6RT0=,NXBSTW0vNjF4T1gzUnF3NzR4OFQ3Z3dVbWs0dlE4RndtNUxoTjFDcmxiRT0=,dktmdXlmclM5a3YwNFpSbS9CZlhxcmxCUDVzTVNPWGhWbXQxTHU5OEJ6RT0=,aVNTWkJWbDlzNHN5UnlYSUc4TWo0ZGhIUGxqUEE4dERZc1R3eTVRbWRyZz0=,UktJSTM0U0k3OGFoMkoveHVNalRQRnY0ajVGY2JIZUtrUzFSN0szVnJQOD0=,YWREWmwrWEVpVlpFNG12ejJoQ2JIZXlyYVU1dFZ5TmlhNE96OWJ5T2xmUT0=,LzErY1d2cVVaSS9zODJ2ZmNFd1ZhVHJrWm9KeUpCSFRrTWUrdlNaMzNrcz0=
K01ZZ3crTXQ2Nlllb0lpTFEzMllRUXlXd3kxTy8vbktyZGREYXBHb2QvST0=,NXBSTW0vNjF4T1gzUnF3NzR4OFQ3Z3dVbWs0dlE4RndtNUxoTjFDcmxiRT0=,K01ZZ3crTXQ2Nlllb0lpTFEzMllRUXlXd3kxTy8vbktyZGREYXBHb2QvST0=,aVNTWkJWbDlzNHN5UnlYSUc4TWo0ZGhIUGxqUEE4dERZc1R3eTVRbWRyZz0=,UktJSTM0U0k3OGFoMkoveHVNalRQRnY0ajVGY2JIZUtrUzFSN0szVnJQOD0=,YWREWmwrWEVpVlpFNG12ejJoQ2JIZXlyYVU1dFZ5TmlhNE96OWJ5T2xmUT0=,LzErY1d2cVVaSS9zODJ2ZmNFd1ZhVHJrWm9KeUpCSFRrTWUrdlNaMzNrcz0=
WUVnZVVPTytPczRjVWh5WVdqTnFnMWFmWFhkcGRpdXBhMUl1Ritmc3Z5ND0=,NXBSTW0vNjF4T1gzUnF3NzR4OFQ3Z3dVbWs0dlE4RndtNUxoTjFDcmxiRT0=,WUVnZVVPTytPczRjVWh5WVdqTnFnMWFmWFhkcGRpdXBhMUl1Ritmc3Z5ND0=,aVNTWkJWbDlzNHN5UnlYSUc4TWo0ZGhIUGxqUEE4dERZc1R3eTVRbWRyZz0=,UktJSTM0U0k3OGFoMkoveHVNalRQRnY0ajVGY2JIZUtrUzFSN0szVnJQOD0=,YWREWmwrWEVpVlpFNG12ejJoQ2JIZXlyYVU1dFZ5TmlhNE96OWJ5T2xmUT0=,LzErY1d2cVVaSS9zODJ2ZmNFd1ZhVHJrWm9KeUpCSFRrTWUrdlNaMzNrcz0=
WnBXL0pzV3RESkE1TTdFOG53SHdhYXNOTEswTnhGMnE0cGhuY1hlK3ZqND0=,NXBSTW0vNjF4T1gzUnF3NzR4OFQ3Z3dVbWs0dlE4RndtNUxoTjFDcmxiRT0=,WnBXL0pzV3RESkE1TTdFOG53SHdhYXNOTEswTnhGMnE0cGhuY1hlK3ZqND0=,aVNTWkJWbDlzNHN5UnlYSUc4TWo0ZGhIUGxqUEE4dERZc1R3eTVRbWRyZz0=,UktJSTM0U0k3OGFoMkoveHVNalRQRnY0ajVGY2JIZUtrUzFSN0szVnJQOD0=,YWREWmwrWEVpVlpFNG12ejJoQ2JIZXlyYVU1dFZ5TmlhNE96OWJ5T2xmUT0=,LzErY1d2cVVaSS9zODJ2ZmNFd1ZhVHJrWm9KeUpCSFRrTWUrdlNaMzNrcz0=
UzlXTVBDWjNRa0RqS0hMU01HOXRFWmpnNUJoT25pVUk4WkNUNngxUVhzRT0=,NXBSTW0vNjF4T1gzUnF3NzR4OFQ3Z3dVbWs0dlE4RndtNUxoTjFDcmxiRT0=,UzlXTVBDWjNRa0RqS0hMU01HOXRFWmpnNUJoT25pVUk4WkNUNngxUVhzRT0=,aVNTWkJWbDlzNHN5UnlYSUc4TWo0ZGhIUGxqUEE4dERZc1R3eTVRbWRyZz0=,UktJSTM0U0k3OGFoMkoveHVNalRQRnY0ajVGY2JIZUtrUzFSN0szVnJQOD0=,YWREWmwrWEVpVlpFNG12ejJoQ2JIZXlyYVU1dFZ5TmlhNE96OWJ5T2xmUT0=,LzErY1d2cVVaSS9zODJ2ZmNFd1ZhVHJrWm9KeUpCSFRrTWUrdlNaMzNrcz0=
bVExWkhRSWI3Mkd2WlpQWUFLK1pyT3RKdUpFanY5MmlvSG5qQXFoaWMrVT0=,NXBSTW0vNjF4T1gzUnF3NzR4OFQ3Z3dVbWs0dlE4RndtNUxoTjFDcmxiRT0=,bVExWkhRSWI3Mkd2WlpQWUFLK1pyT3RKdUpFanY5MmlvSG5qQXFoaWMrVT0=,aVNTWkJWbDlzNHN5UnlYSUc4TWo0ZGhIUGxqUEE4dERZc1R3eTVRbWRyZz0=,UktJSTM0U0k3OGFoMkoveHVNalRQRnY0ajVGY2JIZUtrUzFSN0szVnJQOD0=,YWREWmwrWEVpVlpFNG12ejJoQ2JIZXlyYVU1dFZ5TmlhNE96OWJ5T2xmUT0=,LzErY1d2cVVaSS9zODJ2ZmNFd1ZhVHJrWm9KeUpCSFRrTWUrdlNaMzNrcz0=
VEFxUHFDOE83eWYzdFdHeFhNRDdwRVM4eUtKQngzRnpud2M1OGRtZ1lkOD0=,NXBSTW0vNjF4T1gzUnF3NzR4OFQ3Z3dVbWs0dlE4RndtNUxoTjFDcmxiRT0=,VEFxUHFDOE83eWYzdFdHeFhNRDdwRVM4eUtKQngzRnpud2M1OGRtZ1lkOD0=,aVNTWkJWbDlzNHN5UnlYSUc4TWo0ZGhIUGxqUEE4dERZc1R3eTVRbWRyZz0=,UktJSTM0U0k3OGFoMkoveHVNalRQRnY0ajVGY2JIZUtrUzFSN0szVnJQOD0=,YWREWmwrWEVpVlpFNG12ejJoQ2JIZXlyYVU1dFZ5TmlhNE96OWJ5T2xmUT0=,LzErY1d2cVVaSS9zODJ2ZmNFd1ZhVHJrWm9KeUpCSFRrTWUrdlNaMzNrcz0=
TmFYOFJkays0VHljQ1RFMGVQSUZ2azN0ZTIySFl2SWZaRXowZFBBdEN6VT0=,NXBSTW0vNjF4T1gzUnF3NzR4OFQ3Z3dVbWs0dlE4RndtNUxoTjFDcmxiRT0=,TmFYOFJkays0VHljQ1RFMGVQSUZ2azN0ZTIySFl2SWZaRXowZFBBdEN6VT0=,aVNTWkJWbDlzNHN5UnlYSUc4TWo0ZGhIUGxqUEE4dERZc1R3eTVRbWRyZz0=,UktJSTM0U0k3OGFoMkoveHVNalRQRnY0ajVGY2JIZUtrUzFSN0szVnJQOD0=,YWREWmwrWEVpVlpFNG12ejJoQ2JIZXlyYVU1dFZ5TmlhNE96OWJ5T2xmUT0=,LzErY1d2cVVaSS9zODJ2ZmNFd1ZhVHJrWm9KeUpCSFRrTWUrdlNaMzNrcz0=
dnUwSlRDb09JbDFMWi9uS1JEN21HQi9iSUlNOElDL0piVjNwTzU5b2MwVT0=,MkpQRzNZVnRQNnVPSVFMaUZSblB2TnA2RWt1eXlPMDhXZHU4Rzd6ZHo0UT0=,dnUwSlRDb09JbDFMWi9uS1JEN21HQi9iSUlNOElDL0piVjNwTzU5b2MwVT0=,aVNTWkJWbDlzNHN5UnlYSUc4TWo0ZGhIUGxqUEE4dERZc1R3eTVRbWRyZz0=,UktJSTM0U0k3OGFoMkoveHVNalRQRnY0ajVGY2JIZUtrUzFSN0szVnJQOD0=,YWREWmwrWEVpVlpFNG12ejJoQ2JIZXlyYVU1dFZ5TmlhNE96OWJ5T2xmUT0=,LzErY1d2cVVaSS9zODJ2ZmNFd1ZhVHJrWm9KeUpCSFRrTWUrdlNaMzNrcz0=
TTc3K2VrOWxaNUFlMW9HcmVRc1FzVHdNWTUydUxLV1h1THBseHdVUGowYz0=,MkpQRzNZVnRQNnVPSVFMaUZSblB2TnA2RWt1eXlPMDhXZHU4Rzd6ZHo0UT0=,TTc3K2VrOWxaNUFlMW9HcmVRc1FzVHdNWTUydUxLV1h1THBseHdVUGowYz0=,aVNTWkJWbDlzNHN5UnlYSUc4TWo0ZGhIUGxqUEE4dERZc1R3eTVRbWRyZz0=,UktJSTM0U0k3OGFoMkoveHVNalRQRnY0ajVGY2JIZUtrUzFSN0szVnJQOD0=,YWREWmwrWEVpVlpFNG12ejJoQ2JIZXlyYVU1dFZ5TmlhNE96OWJ5T2xmUT0=,LzErY1d2cVVaSS9zODJ2ZmNFd1ZhVHJrWm9KeUpCSFRrTWUrdlNaMzNrcz0=
cUorbnUrOU5sV2FWSW5rQzdLZ0JrQWExYmtDMTJxbDZSOEZ6V21YTmd5VT0=,NXBSTW0vNjF4T1gzUnF3NzR4OFQ3Z3dVbWs0dlE4RndtNUxoTjFDcmxiRT0=,cUorbnUrOU5sV2FWSW5rQzdLZ0JrQWExYmtDMTJxbDZSOEZ6V21YTmd5VT0=,aVNTWkJWbDlzNHN5UnlYSUc4TWo0ZGhIUGxqUEE4dERZc1R3eTVRbWRyZz0=,UktJSTM0U0k3OGFoMkoveHVNalRQRnY0ajVGY2JIZUtrUzFSN0szVnJQOD0=,YWREWmwrWEVpVlpFNG12ejJoQ2JIZXlyYVU1dFZ5TmlhNE96OWJ5T2xmUT0=,LzErY1d2cVVaSS9zODJ2ZmNFd1ZhVHJrWm9KeUpCSFRrTWUrdlNaMzNrcz0=
YkljcDFEZk5QQXBabmJTdHdaRHVCUHRpTlZqcG9PVVRCdW0rbHJ2MlFLdz0=,MkpQRzNZVnRQNnVPSVFMaUZSblB2TnA2RWt1eXlPMDhXZHU4Rzd6ZHo0UT0=,YkljcDFEZk5QQXBabmJTdHdaRHVCUHRpTlZqcG9PVVRCdW0rbHJ2MlFLdz0=,aVNTWkJWbDlzNHN5UnlYSUc4TWo0ZGhIUGxqUEE4dERZc1R3eTVRbWRyZz0=,UktJSTM0U0k3OGFoMkoveHVNalRQRnY0ajVGY2JIZUtrUzFSN0szVnJQOD0=,YWREWmwrWEVpVlpFNG12ejJoQ2JIZXlyYVU1dFZ5TmlhNE96OWJ5T2xmUT0=,LzErY1d2cVVaSS9zODJ2ZmNFd1ZhVHJrWm9KeUpCSFRrTWUrdlNaMzNrcz0=
VzhDdXBEa1JRWTFPVDNvdHprb3M5NS9aZENZWEFWRTJyYjRvZFBrTWhDRT0=,MkpQRzNZVnRQNnVPSVFMaUZSblB2TnA2RWt1eXlPMDhXZHU4Rzd6ZHo0UT0=,VzhDdXBEa1JRWTFPVDNvdHprb3M5NS9aZENZWEFWRTJyYjRvZFBrTWhDRT0=,aVNTWkJWbDlzNHN5UnlYSUc4TWo0ZGhIUGxqUEE4dERZc1R3eTVRbWRyZz0=,UktJSTM0U0k3OGFoMkoveHVNalRQRnY0ajVGY2JIZUtrUzFSN0szVnJQOD0=,YWREWmwrWEVpVlpFNG12ejJoQ2JIZXlyYVU1dFZ5TmlhNE96OWJ5T2xmUT0=,LzErY1d2cVVaSS9zODJ2ZmNFd1ZhVHJrWm9KeUpCSFRrTWUrdlNaMzNrcz0=
eVpqWFVyVnVmWGdRdDZiRU1oNDAyS3FJdFdCdUhMRlJsR3FIMFEySTVyTT0=,MkpQRzNZVnRQNnVPSVFMaUZSblB2TnA2RWt1eXlPMDhXZHU4Rzd6ZHo0UT0=,eVpqWFVyVnVmWGdRdDZiRU1oNDAyS3FJdFdCdUhMRlJsR3FIMFEySTVyTT0=,aVNTWkJWbDlzNHN5UnlYSUc4TWo0ZGhIUGxqUEE4dERZc1R3eTVRbWRyZz0=,UktJSTM0U0k3OGFoMkoveHVNalRQRnY0ajVGY2JIZUtrUzFSN0szVnJQOD0=,YWREWmwrWEVpVlpFNG12ejJoQ2JIZXlyYVU1dFZ5TmlhNE96OWJ5T2xmUT0=,LzErY1d2cVVaSS9zODJ2ZmNFd1ZhVHJrWm9KeUpCSFRrTWUrdlNaMzNrcz0=
bjZ2clA0MDNPNkQ3Tnp1LzJFRXkzQ0g0aysrcXNXTjlIckZuV2ZWazBLYz0=,MkpQRzNZVnRQNnVPSVFMaUZSblB2TnA2RWt1eXlPMDhXZHU4Rzd6ZHo0UT0=,bjZ2clA0MDNPNkQ3Tnp1LzJFRXkzQ0g0aysrcXNXTjlIckZuV2ZWazBLYz0=,aVNTWkJWbDlzNHN5UnlYSUc4TWo0ZGhIUGxqUEE4dERZc1R3eTVRbWRyZz0=,UktJSTM0U0k3OGFoMkoveHVNalRQRnY0ajVGY2JIZUtrUzFSN0szVnJQOD0=,YWREWmwrWEVpVlpFNG12ejJoQ2JIZXlyYVU1dFZ5TmlhNE96OWJ5T2xmUT0=,LzErY1d2cVVaSS9zODJ2ZmNFd1ZhVHJrWm9KeUpCSFRrTWUrdlNaMzNrcz0=
R3hMWnUvdzRYYXhxMHoxUHZWSVQ0aFJWREVmRE9kUWlScGlxMXB2UVpVWT0=,MkpQRzNZVnRQNnVPSVFMaUZSblB2TnA2RWt1eXlPMDhXZHU4Rzd6ZHo0UT0=,R3hMWnUvdzRYYXhxMHoxUHZWSVQ0aFJWREVmRE9kUWlScGlxMXB2UVpVWT0=,aVNTWkJWbDlzNHN5UnlYSUc4TWo0ZGhIUGxqUEE4dERZc1R3eTVRbWRyZz0=,UktJSTM0U0k3OGFoMkoveHVNalRQRnY0ajVGY2JIZUtrUzFSN0szVnJQOD0=,YWREWmwrWEVpVlpFNG12ejJoQ2JIZXlyYVU1dFZ5TmlhNE96OWJ5T2xmUT0=,LzErY1d2cVVaSS9zODJ2ZmNFd1ZhVHJrWm9KeUpCSFRrTWUrdlNaMzNrcz0=
TU1BZGdJaW1WdGxnbFVTQ3ZKQ2t3ZTNRbUREbzE0L2Q1S0dZeW5LR0xmND0=,NXBSTW0vNjF4T1gzUnF3NzR4OFQ3Z3dVbWs0dlE4RndtNUxoTjFDcmxiRT0=,TU1BZGdJaW1WdGxnbFVTQ3ZKQ2t3ZTNRbUREbzE0L2Q1S0dZeW5LR0xmND0=,aVNTWkJWbDlzNHN5UnlYSUc4TWo0ZGhIUGxqUEE4dERZc1R3eTVRbWRyZz0=,UktJSTM0U0k3OGFoMkoveHVNalRQRnY0ajVGY2JIZUtrUzFSN0szVnJQOD0=,YWREWmwrWEVpVlpFNG12ejJoQ2JIZXlyYVU1dFZ5TmlhNE96OWJ5T2xmUT0=,LzErY1d2cVVaSS9zODJ2ZmNFd1ZhVHJrWm9KeUpCSFRrTWUrdlNaMzNrcz0=
Q3VpL3Q1OXZIdS8wUnRSb1EzbXk5M1J6M0FuU2Q0U0tad0pMZ0FPSFM3VT0=,NXBSTW0vNjF4T1gzUnF3NzR4OFQ3Z3dVbWs0dlE4RndtNUxoTjFDcmxiRT0=,Q3VpL3Q1OXZIdS8wUnRSb1EzbXk5M1J6M0FuU2Q0U0tad0pMZ0FPSFM3VT0=,aVNTWkJWbDlzNHN5UnlYSUc4TWo0ZGhIUGxqUEE4dERZc1R3eTVRbWRyZz0=,UktJSTM0U0k3OGFoMkoveHVNalRQRnY0ajVGY2JIZUtrUzFSN0szVnJQOD0=,YWREWmwrWEVpVlpFNG12ejJoQ2JIZXlyYVU1dFZ5TmlhNE96OWJ5T2xmUT0=,LzErY1d2cVVaSS9zODJ2ZmNFd1ZhVHJrWm9KeUpCSFRrTWUrdlNaMzNrcz0=
NHl0UVpqUEpMY2Z3dFFFWHltMHNyellId3EweGRNY2VPYXZxKysvV2pZWT0=,UFVaSjRub2dTNkpkaUR5KzdUVGJBM3J6MHBFdkhJWlVJWFdNTnFxS2ZmUT0=,NHl0UVpqUEpMY2Z3dFFFWHltMHNyellId3EweGRNY2VPYXZxKysvV2pZWT0=,aVNTWkJWbDlzNHN5UnlYSUc4TWo0ZGhIUGxqUEE4dERZc1R3eTVRbWRyZz0=,UktJSTM0U0k3OGFoMkoveHVNalRQRnY0ajVGY2JIZUtrUzFSN0szVnJQOD0=,YWREWmwrWEVpVlpFNG12ejJoQ2JIZXlyYVU1dFZ5TmlhNE96OWJ5T2xmUT0=,LzErY1d2cVVaSS9zODJ2ZmNFd1ZhVHJrWm9KeUpCSFRrTWUrdlNaMzNrcz0=
b1lNM0FDZDI2UnZkeXI1dVVwdlFHUjczL0FsL1hjWUFEOXQ1K2pFYk51QT0=,UFVaSjRub2dTNkpkaUR5KzdUVGJBM3J6MHBFdkhJWlVJWFdNTnFxS2ZmUT0=,b1lNM0FDZDI2UnZkeXI1dVVwdlFHUjczL0FsL1hjWUFEOXQ1K2pFYk51QT0=,aVNTWkJWbDlzNHN5UnlYSUc4TWo0ZGhIUGxqUEE4dERZc1R3eTVRbWRyZz0=,UktJSTM0U0k3OGFoMkoveHVNalRQRnY0ajVGY2JIZUtrUzFSN0szVnJQOD0=,YWREWmwrWEVpVlpFNG12ejJoQ2JIZXlyYVU1dFZ5TmlhNE96OWJ5T2xmUT0=,LzErY1d2cVVaSS9zODJ2ZmNFd1ZhVHJrWm9KeUpCSFRrTWUrdlNaMzNrcz0=
amZsYXprcUVpY21weWZ0ZXlsRDkrZGpZVGRqamhyd2xSdHZ5c2hXYXdwTT0=,MGpKY0cwSEVWanVhdE13TGZCamVESjY5Q0ZkN3VWWjdEeCtsL05qYU0rTT0=,amZsYXprcUVpY21weWZ0ZXlsRDkrZGpZVGRqamhyd2xSdHZ5c2hXYXdwTT0=,aVNTWkJWbDlzNHN5UnlYSUc4TWo0ZGhIUGxqUEE4dERZc1R3eTVRbWRyZz0=,UktJSTM0U0k3OGFoMkoveHVNalRQRnY0ajVGY2JIZUtrUzFSN0szVnJQOD0=,YWREWmwrWEVpVlpFNG12ejJoQ2JIZXlyYVU1dFZ5TmlhNE96OWJ5T2xmUT0=,LzErY1d2cVVaSS9zODJ2ZmNFd1ZhVHJrWm9KeUpCSFRrTWUrdlNaMzNrcz0=
NDA0YnBBY0xKemdNcUtKVWhyOVlqV0o1NWFGb2sxcnJweHVmSTV2c2MwUT0=,MGpKY0cwSEVWanVhdE13TGZCamVESjY5Q0ZkN3VWWjdEeCtsL05qYU0rTT0=,NDA0YnBBY0xKemdNcUtKVWhyOVlqV0o1NWFGb2sxcnJweHVmSTV2c2MwUT0=,aVNTWkJWbDlzNHN5UnlYSUc4TWo0ZGhIUGxqUEE4dERZc1R3eTVRbWRyZz0=,UktJSTM0U0k3OGFoMkoveHVNalRQRnY0ajVGY2JIZUtrUzFSN0szVnJQOD0=,YWREWmwrWEVpVlpFNG12ejJoQ2JIZXlyYVU1dFZ5TmlhNE96OWJ5T2xmUT0=,LzErY1d2cVVaSS9zODJ2ZmNFd1ZhVHJrWm9KeUpCSFRrTWUrdlNaMzNrcz0=
djUyWERVM1ZNSnl1aEdYQnlFK3lsdzlIZ2l2SXZoTlNsSTdrY1U2cXdCdz0=,MGpKY0cwSEVWanVhdE13TGZCamVESjY5Q0ZkN3VWWjdEeCtsL05qYU0rTT0=,djUyWERVM1ZNSnl1aEdYQnlFK3lsdzlIZ2l2SXZoTlNsSTdrY1U2cXdCdz0=,aVNTWkJWbDlzNHN5UnlYSUc4TWo0ZGhIUGxqUEE4dERZc1R3eTVRbWRyZz0=,UktJSTM0U0k3OGFoMkoveHVNalRQRnY0ajVGY2JIZUtrUzFSN0szVnJQOD0=,YWREWmwrWEVpVlpFNG12ejJoQ2JIZXlyYVU1dFZ5TmlhNE96OWJ5T2xmUT0=,LzErY1d2cVVaSS9zODJ2ZmNFd1ZhVHJrWm9KeUpCSFRrTWUrdlNaMzNrcz0=
M0ZPVU9rZ0VadEpoeldieW5kMHdDaTFadXpDdnBkaGJaSDhRRDNldUJrVT0=,MGpKY0cwSEVWanVhdE13TGZCamVESjY5Q0ZkN3VWWjdEeCtsL05qYU0rTT0=,M0ZPVU9rZ0VadEpoeldieW5kMHdDaTFadXpDdnBkaGJaSDhRRDNldUJrVT0=,aVNTWkJWbDlzNHN5UnlYSUc4TWo0ZGhIUGxqUEE4dERZc1R3eTVRbWRyZz0=,UktJSTM0U0k3OGFoMkoveHVNalRQRnY0ajVGY2JIZUtrUzFSN0szVnJQOD0=,YWREWmwrWEVpVlpFNG12ejJoQ2JIZXlyYVU1dFZ5TmlhNE96OWJ5T2xmUT0=,LzErY1d2cVVaSS9zODJ2ZmNFd1ZhVHJrWm9KeUpCSFRrTWUrdlNaMzNrcz0=
aDlmMGd3ZUZUT2RkR3NKWFZMQjJYODBwdmdLdnlscXYwcVJKSGhOdWdEWT0=,MGpKY0cwSEVWanVhdE13TGZCamVESjY5Q0ZkN3VWWjdEeCtsL05qYU0rTT0=,aDlmMGd3ZUZUT2RkR3NKWFZMQjJYODBwdmdLdnlscXYwcVJKSGhOdWdEWT0=,aVNTWkJWbDlzNHN5UnlYSUc4TWo0ZGhIUGxqUEE4dERZc1R3eTVRbWRyZz0=,UktJSTM0U0k3OGFoMkoveHVNalRQRnY0ajVGY2JIZUtrUzFSN0szVnJQOD0=,YWREWmwrWEVpVlpFNG12ejJoQ2JIZXlyYVU1dFZ5TmlhNE96OWJ5T2xmUT0=,LzErY1d2cVVaSS9zODJ2ZmNFd1ZhVHJrWm9KeUpCSFRrTWUrdlNaMzNrcz0=
MDhKeDd5M2dKTUFrVjlXdmZRQWNsWWkvNmpFdU5wZmp3NXR5UWdBSlBxTT0=,MGpKY0cwSEVWanVhdE13TGZCamVESjY5Q0ZkN3VWWjdEeCtsL05qYU0rTT0=,MDhKeDd5M2dKTUFrVjlXdmZRQWNsWWkvNmpFdU5wZmp3NXR5UWdBSlBxTT0=,aVNTWkJWbDlzNHN5UnlYSUc4TWo0ZGhIUGxqUEE4dERZc1R3eTVRbWRyZz0=,UktJSTM0U0k3OGFoMkoveHVNalRQRnY0ajVGY2JIZUtrUzFSN0szVnJQOD0=,YWREWmwrWEVpVlpFNG12ejJoQ2JIZXlyYVU1dFZ5TmlhNE96OWJ5T2xmUT0=,LzErY1d2cVVaSS9zODJ2ZmNFd1ZhVHJrWm9KeUpCSFRrTWUrdlNaMzNrcz0=
UC9HOU4yU3k0VXVjaDViMStXOVlpSGFUaTBKcEk5K2hUZE1RUWlqUGVQMD0=,MGpKY0cwSEVWanVhdE13TGZCamVESjY5Q0ZkN3VWWjdEeCtsL05qYU0rTT0=,UC9HOU4yU3k0VXVjaDViMStXOVlpSGFUaTBKcEk5K2hUZE1RUWlqUGVQMD0=,aVNTWkJWbDlzNHN5UnlYSUc4TWo0ZGhIUGxqUEE4dERZc1R3eTVRbWRyZz0=,UktJSTM0U0k3OGFoMkoveHVNalRQRnY0ajVGY2JIZUtrUzFSN0szVnJQOD0=,YWREWmwrWEVpVlpFNG12ejJoQ2JIZXlyYVU1dFZ5TmlhNE96OWJ5T2xmUT0=,LzErY1d2cVVaSS9zODJ2ZmNFd1ZhVHJrWm9KeUpCSFRrTWUrdlNaMzNrcz0=
TU1ZaXM0bHZHNWZ3RjlvbXhKSVBiL0pjcFdHSStFN2ZhK1hTQlJhc1NIMD0=,OWpYNUpESHU5WndqWUFEcjBKcnVKRElZbnZrQ0dmUnBiSDRiODV3ODRGUT0=,TU1ZaXM0bHZHNWZ3RjlvbXhKSVBiL0pjcFdHSStFN2ZhK1hTQlJhc1NIMD0=,aVNTWkJWbDlzNHN5UnlYSUc4TWo0ZGhIUGxqUEE4dERZc1R3eTVRbWRyZz0=,UktJSTM0U0k3OGFoMkoveHVNalRQRnY0ajVGY2JIZUtrUzFSN0szVnJQOD0=,YWREWmwrWEVpVlpFNG12ejJoQ2JIZXlyYVU1dFZ5TmlhNE96OWJ5T2xmUT0=,LzErY1d2cVVaSS9zODJ2ZmNFd1ZhVHJrWm9KeUpCSFRrTWUrdlNaMzNrcz0=
cytaMXNxY1UwNHRGWDFlMkZKaHFrUHpLdGp3YUFTTzdncTc0bG9zUEdtOD0=,OWpYNUpESHU5WndqWUFEcjBKcnVKRElZbnZrQ0dmUnBiSDRiODV3ODRGUT0=,cytaMXNxY1UwNHRGWDFlMkZKaHFrUHpLdGp3YUFTTzdncTc0bG9zUEdtOD0=,aVNTWkJWbDlzNHN5UnlYSUc4TWo0ZGhIUGxqUEE4dERZc1R3eTVRbWRyZz0=,UktJSTM0U0k3OGFoMkoveHVNalRQRnY0ajVGY2JIZUtrUzFSN0szVnJQOD0=,YWREWmwrWEVpVlpFNG12ejJoQ2JIZXlyYVU1dFZ5TmlhNE96OWJ5T2xmUT0=,LzErY1d2cVVaSS9zODJ2ZmNFd1ZhVHJrWm9KeUpCSFRrTWUrdlNaMzNrcz0=
eEhValpzZHBSZnVnK21RdWhmUVRXdS9CU2RBejU1dHhpNThoVUovaWZOQT0=,OWpYNUpESHU5WndqWUFEcjBKcnVKRElZbnZrQ0dmUnBiSDRiODV3ODRGUT0=,eEhValpzZHBSZnVnK21RdWhmUVRXdS9CU2RBejU1dHhpNThoVUovaWZOQT0=,aVNTWkJWbDlzNHN5UnlYSUc4TWo0ZGhIUGxqUEE4dERZc1R3eTVRbWRyZz0=,UktJSTM0U0k3OGFoMkoveHVNalRQRnY0ajVGY2JIZUtrUzFSN0szVnJQOD0=,YWREWmwrWEVpVlpFNG12ejJoQ2JIZXlyYVU1dFZ5TmlhNE96OWJ5T2xmUT0=,LzErY1d2cVVaSS9zODJ2ZmNFd1ZhVHJrWm9KeUpCSFRrTWUrdlNaMzNrcz0=
cGk1R05INmNaWDBmYVdYOEIvTGg2SnJacHFiK3BBWHV3Q1paU2FtZ3V6Zz0=,OWpYNUpESHU5WndqWUFEcjBKcnVKRElZbnZrQ0dmUnBiSDRiODV3ODRGUT0=,cGk1R05INmNaWDBmYVdYOEIvTGg2SnJacHFiK3BBWHV3Q1paU2FtZ3V6Zz0=,aVNTWkJWbDlzNHN5UnlYSUc4TWo0ZGhIUGxqUEE4dERZc1R3eTVRbWRyZz0=,UktJSTM0U0k3OGFoMkoveHVNalRQRnY0ajVGY2JIZUtrUzFSN0szVnJQOD0=,YWREWmwrWEVpVlpFNG12ejJoQ2JIZXlyYVU1dFZ5TmlhNE96OWJ5T2xmUT0=,LzErY1d2cVVaSS9zODJ2ZmNFd1ZhVHJrWm9KeUpCSFRrTWUrdlNaMzNrcz0=
WFh6MjhPNkY0a2pkOGpMazVjUDB5UnI1WmoxQmw2RFAwSXFqMzV6R3V2az0=,NCtPSlAzeG81M1pLOFZjcWhncWc5VklWQWZMeXd3Q3c1OE1uYU41VTRNYz0=,WFh6MjhPNkY0a2pkOGpMazVjUDB5UnI1WmoxQmw2RFAwSXFqMzV6R3V2az0=,aVNTWkJWbDlzNHN5UnlYSUc4TWo0ZGhIUGxqUEE4dERZc1R3eTVRbWRyZz0=,UktJSTM0U0k3OGFoMkoveHVNalRQRnY0ajVGY2JIZUtrUzFSN0szVnJQOD0=,YWREWmwrWEVpVlpFNG12ejJoQ2JIZXlyYVU1dFZ5TmlhNE96OWJ5T2xmUT0=,LzErY1d2cVVaSS9zODJ2ZmNFd1ZhVHJrWm9KeUpCSFRrTWUrdlNaMzNrcz0=
bDhHSTdoQUZod3FMSVFzMkMxRkhKUmVPYVlnVzVGR1pSQVBRdlJ4cDNydz0=,NCtPSlAzeG81M1pLOFZjcWhncWc5VklWQWZMeXd3Q3c1OE1uYU41VTRNYz0=,bDhHSTdoQUZod3FMSVFzMkMxRkhKUmVPYVlnVzVGR1pSQVBRdlJ4cDNydz0=,aVNTWkJWbDlzNHN5UnlYSUc4TWo0ZGhIUGxqUEE4dERZc1R3eTVRbWRyZz0=,UktJSTM0U0k3OGFoMkoveHVNalRQRnY0ajVGY2JIZUtrUzFSN0szVnJQOD0=,YWREWmwrWEVpVlpFNG12ejJoQ2JIZXlyYVU1dFZ5TmlhNE96OWJ5T2xmUT0=,LzErY1d2cVVaSS9zODJ2ZmNFd1ZhVHJrWm9KeUpCSFRrTWUrdlNaMzNrcz0=
